time,f_solid,interface_pos,interface_speed
4.000000000000000083e-02,5.013019721261736672e-01,4.986980278738263195e+01,0.000000000000000000e+00
8.000000000000000167e-02,5.026181582767362821e-01,4.973818417232637046e+01,-3.290465376406537246e+00
1.199999999999999956e-01,5.039422480492418144e-01,4.960577519507582167e+01,-3.310224431263719680e+00
1.600000000000000033e-01,5.052674921763136151e-01,4.947325078236863760e+01,-3.313110317679601735e+00
2.000000000000000111e-01,5.065870236903491364e-01,4.934129763096508015e+01,-3.298828785088936399e+00
2.400000000000000189e-01,5.078941716276665908e-01,4.921058283723333915e+01,-3.267869843293524923e+00
2.800000000000000266e-01,5.091827398024814100e-01,4.908172601975186211e+01,-3.221420437036925932e+00
3.200000000000000067e-01,5.104472298264924879e-01,4.895527701735075254e+01,-3.161225060027739175e+00
3.599999999999999867e-01,5.116829966390332718e-01,4.883170033609667371e+01,-3.089417031351970877e+00
3.999999999999999667e-01,5.128863342284598614e-01,4.871136657715400986e+01,-3.008343973566596219e+00
4.399999999999999467e-01,5.140544971825377063e-01,4.859455028174622981e+01,-2.920407385194501160e+00
4.799999999999999267e-01,5.151856691472513905e-01,4.848143308527485829e+01,-2.827929911784288208e+00
5.199999999999999067e-01,5.162788919426045675e-01,4.837211080573954547e+01,-2.733056988382820407e+00
5.599999999999999423e-01,5.173339693431772135e-01,4.826660306568228265e+01,-2.637693501431570553e+00
5.999999999999999778e-01,5.183513580761961448e-01,4.816486419238038508e+01,-2.543471832547439249e+00
6.400000000000000133e-01,5.193320561817046377e-01,4.806679438182953135e+01,-2.451745263771343275e+00
6.800000000000000488e-01,5.202774961652314456e-01,4.797225038347685455e+01,-2.363599958816919866e+00
7.200000000000000844e-01,5.211894478063273661e-01,4.788105521936726205e+01,-2.279879102739812424e+00
7.600000000000001199e-01,5.220699333225021777e-01,4.779300666774977913e+01,-2.201213790437073214e+00
8.000000000000001554e-01,5.229211559243374108e-01,4.770788440756626159e+01,-2.128056504587938491e+00
8.400000000000001910e-01,5.237454416246621891e-01,4.762545583753378509e+01,-2.060714250811912507e+00
8.800000000000002265e-01,5.245451934139483408e-01,4.754548065860516459e+01,-1.999379473215512348e+00
9.200000000000002620e-01,5.253228564947037826e-01,4.746771435052962573e+01,-1.944157701888471479e+00
9.600000000000002975e-01,5.260808930879904421e-01,4.739191069120095534e+01,-1.895091483216759798e+00
1.000000000000000222e+00,5.268217653058674399e-01,4.731782346941326267e+01,-1.852180544692316744e+00
1.040000000000000258e+00,5.275479246611937123e-01,4.724520753388063099e+01,-1.815398388315792033e+00
1.080000000000000293e+00,5.282618069139944916e-01,4.717381930860054950e+01,-1.784705632002037134e+00
1.120000000000000329e+00,5.289658310986097289e-01,4.710341689013902311e+01,-1.760060461538159871e+00
1.160000000000000364e+00,5.296624017164436315e-01,4.703375982835563462e+01,-1.741426544584712133e+00
1.200000000000000400e+00,5.303539132018901814e-01,4.696460867981097920e+01,-1.728778713616385687e+00
1.240000000000000435e+00,5.310427558660906211e-01,4.689572441339093700e+01,-1.722106660501054876e+00
1.280000000000000471e+00,5.317313225902399187e-01,4.682686774097600590e+01,-1.721416810373277428e+00
1.320000000000000506e+00,5.324220155755032824e-01,4.675779844244967620e+01,-1.726732463158242581e+00
1.360000000000000542e+00,5.331172524585242600e-01,4.668827475414757799e+01,-1.738092207552455193e+00
1.400000000000000577e+00,5.338194710697867773e-01,4.661805289302132138e+01,-1.755546528156415320e+00
1.440000000000000613e+00,5.345311320452227344e-01,4.654688679547773233e+01,-1.779152438589726160e+00
1.480000000000000648e+00,5.352547183989904145e-01,4.647452816010095944e+01,-1.808965884419322379e+00
1.520000000000000684e+00,5.359927310276682011e-01,4.640072689723317723e+01,-1.845031571694555339e+00
1.560000000000000719e+00,5.367476789476338661e-01,4.632523210523660850e+01,-1.887369799914218049e+00
1.600000000000000755e+00,5.375220628804372458e-01,4.624779371195627675e+01,-1.935959832008293802e+00
1.640000000000000790e+00,5.383183506221139725e-01,4.616816493778860320e+01,-1.990719354191838875e+00
1.680000000000000826e+00,5.391389425086661191e-01,4.608610574913338809e+01,-2.051479716380377738e+00
1.720000000000000862e+00,5.399861252961175584e-01,4.600138747038824505e+01,-2.117956968628575964e+00
1.760000000000000897e+00,5.408620130122188119e-01,4.591379869877811615e+01,-2.189719290253222539e+00
1.800000000000000933e+00,5.417684739326703580e-01,4.582315260673296820e+01,-2.266152301128698809e+00
1.840000000000000968e+00,5.427070439122784196e-01,4.572929560877216204e+01,-2.346424949020153861e+00
1.880000000000001004e+00,5.436788279482339670e-01,4.563211720517659842e+01,-2.429460089889090568e+00
1.920000000000001039e+00,5.446843940656158622e-01,4.553156059343841378e+01,-2.513915293454616062e+00
1.960000000000001075e+00,5.457236662405846594e-01,4.542763337594153228e+01,-2.598180437422037414e+00
2.000000000000000888e+00,5.467958257629073060e-01,4.532041742370926585e+01,-2.680398805806660789e+00
2.040000000000000924e+00,5.478992326303742111e-01,4.521007673696258422e+01,-2.758517168667040664e+00
2.080000000000000959e+00,5.490313795700890731e-01,4.509686204299109846e+01,-2.830367349287143952e+00
2.120000000000000995e+00,5.501888904221141630e-01,4.498111095778858726e+01,-2.893777130062780145e+00
2.160000000000001030e+00,5.513675714772162673e-01,4.486324285227837549e+01,-2.946702637755294063e+00
2.200000000000001066e+00,5.525625189975884588e-01,4.474374810024115590e+01,-2.987368800930489954e+00
2.240000000000001101e+00,5.537682792561208212e-01,4.462317207438792366e+01,-3.014400646330805955e+00
2.280000000000001137e+00,5.549790502525644431e-01,4.450209497474355658e+01,-3.026927491109177026e+00
2.320000000000001172e+00,5.561889083132559586e-01,4.438110916867439926e+01,-3.024645151728933001e+00
2.360000000000001208e+00,5.573920393812997753e-01,4.426079606187002469e+01,-3.007827670109364249e+00
2.400000000000001243e+00,5.585829546791599709e-01,4.414170453208400602e+01,-2.977288244650466709e+00
2.440000000000001279e+00,5.597566734757538631e-01,4.402433265242461857e+01,-2.934296991484686146e+00
2.480000000000001315e+00,5.609088610674989317e-01,4.390911389325010816e+01,-2.880468979362760251e+00
2.520000000000001350e+00,5.620359165063804063e-01,4.379640834936196114e+01,-2.817638597203675488e+00
2.560000000000001386e+00,5.631350107744798050e-01,4.368649892255201905e+01,-2.747735670248552253e+00
2.600000000000001421e+00,5.642040810234700832e-01,4.357959189765298902e+01,-2.672675622475750856e+00
2.640000000000001457e+00,5.652417896595292035e-01,4.347582103404708675e+01,-2.594271590147556594e+00
2.680000000000001492e+00,5.662474584152265011e-01,4.337525415847734678e+01,-2.514171889243499436e+00
2.720000000000001528e+00,5.672209874005361696e-01,4.327790125994638259e+01,-2.433822463274104564e+00
2.760000000000001563e+00,5.681627679192869929e-01,4.318372320807129938e+01,-2.354451296877080324e+00
2.800000000000001599e+00,5.690735960469088806e-01,4.309264039530911106e+01,-2.277070319054708136e+00
2.840000000000001634e+00,5.699545919887767376e-01,4.300454080112231736e+01,-2.202489854669842373e+00
2.880000000000001670e+00,5.708071283625465453e-01,4.291928716374534503e+01,-2.131340934424308386e+00
2.920000000000001705e+00,5.716327689485992680e-01,4.283672310514007364e+01,-2.064101465131784607e+00
2.960000000000001741e+00,5.724332182133146096e-01,4.275667817866853682e+01,-2.001123161788420646e+00
3.000000000000001776e+00,5.732102810451900066e-01,4.267897189548099846e+01,-1.942657079688459021e+00
3.040000000000001812e+00,5.739658316223517076e-01,4.260341683776483279e+01,-1.888876442904141584e+00
3.080000000000001847e+00,5.747017900910991184e-01,4.252982099089009438e+01,-1.839896171868460328e+00
3.120000000000001883e+00,5.754201057054327828e-01,4.245798942945671683e+01,-1.795789035834438607e+00
3.160000000000001918e+00,5.761227451823097701e-01,4.238772548176902433e+01,-1.756598692192312683e+00
3.200000000000001954e+00,5.768116852013396301e-01,4.231883147986604143e+01,-1.722350047574572329e+00
3.240000000000001990e+00,5.774889081702120341e-01,4.225110918297880147e+01,-1.693057422180999083e+00
3.280000000000002025e+00,5.781564005549291174e-01,4.218435994450708648e+01,-1.668730961792874723e+00
3.320000000000002061e+00,5.788161532194014969e-01,4.211838467805984720e+01,-1.649381661180981951e+00
3.360000000000002096e+00,5.794701633264338625e-01,4.205298366735661375e+01,-1.635025267580836328e+00
3.400000000000002132e+00,5.801204374236236250e-01,4.198795625763764150e+01,-1.625685242974306277e+00
3.440000000000002167e+00,5.807689953787955606e-01,4.192310046212044483e+01,-1.621394887929916706e+00
3.480000000000002203e+00,5.814178748456880763e-01,4.185821251543119814e+01,-1.622198667231167235e+00
3.520000000000002238e+00,5.820691359357679229e-01,4.179308640642320682e+01,-1.628152725199782935e+00
3.560000000000002274e+00,5.827248657466728154e-01,4.172751342533271668e+01,-1.639324527262253639e+00
3.600000000000002309e+00,5.833871823491405539e-01,4.166128176508593839e+01,-1.655791506169457250e+00
3.640000000000002345e+00,5.840582377565196603e-01,4.159417622434803263e+01,-1.677638518447643889e+00
3.680000000000002380e+00,5.847402192861941295e-01,4.152597807138058528e+01,-1.704953824186183908e+00
3.720000000000002416e+00,5.854353485633623233e-01,4.145646514366377033e+01,-1.737823192920373572e+00
3.760000000000002451e+00,5.861458772114536142e-01,4.138541227885463769e+01,-1.776321620228316078e+00
3.800000000000002487e+00,5.868740780263810297e-01,4.131259219736190147e+01,-1.820502037318405542e+00
3.840000000000002522e+00,5.876222301641638168e-01,4.123777698358361476e+01,-1.870380344457167610e+00
3.880000000000002558e+00,5.883925966243341854e-01,4.116074033756657968e+01,-1.925916150425877049e+00
3.920000000000002593e+00,5.891873921483593568e-01,4.108126078516406920e+01,-1.986988810062761956e+00
3.960000000000002629e+00,5.900087396604800638e-01,4.099912603395199540e+01,-2.053368780301845220e+00
4.000000000000002665e+00,5.908586136630963326e-01,4.091413863369036363e+01,-2.124685006540794063e+00
4.040000000000002700e+00,5.917387696717503198e-01,4.082612303282497379e+01,-2.200390021634746063e+00
4.080000000000002736e+00,5.926506599329576241e-01,4.073493400670423625e+01,-2.279725653018438436e+00
4.120000000000002771e+00,5.935953373624420770e-01,4.064046626375579763e+01,-2.361693573710965666e+00
4.160000000000002807e+00,5.945733518346800750e-01,4.054266481653199605e+01,-2.445036180595039355e+00
4.200000000000002842e+00,5.955846454752010688e-01,4.044153545247989001e+01,-2.528234101302651027e+00
4.240000000000002878e+00,5.966284561130018593e-01,4.033715438869981540e+01,-2.609526594501865304e+00
4.280000000000002913e+00,5.977032400272448420e-01,4.022967599727551402e+01,-2.686959785607534457e+00
4.320000000000002949e+00,5.988066259454779550e-01,4.011933740545220672e+01,-2.758464795582682427e+00
4.360000000000002984e+00,5.999354113243591247e-01,4.000645886756408487e+01,-2.821963447203046371e+00
4.400000000000003020e+00,6.010856089080929276e-01,3.989143910919070635e+01,-2.875493959334463057e+00
4.440000000000003055e+00,6.022525464990602373e-01,3.977474535009397272e+01,-2.917343977418340728e+00
4.480000000000003091e+00,6.034310164399345755e-01,3.965689835600654334e+01,-2.946174852185734494e+00
4.520000000000003126e+00,6.046154646508842267e-01,3.953845353491157510e+01,-2.961120527374205835e+00
4.560000000000003162e+00,6.058002035769106675e-01,3.941997964230893814e+01,-2.961847315065924136e+00
4.600000000000003197e+00,6.069796302910450692e-01,3.930203697089548598e+01,-2.948566785336304008e+00
4.640000000000003233e+00,6.081484309205380523e-01,3.918515690794619388e+01,-2.922001573732302404e+00
4.680000000000003268e+00,6.093017554039970030e-01,3.906982445960030503e+01,-2.883311208647221235e+00
4.720000000000003304e+00,6.104353515461410362e-01,3.895646484538590215e+01,-2.833990355360072044e+00
4.760000000000003340e+00,6.115456532172266479e-01,3.884543467827733565e+01,-2.775754177714162552e+00
4.800000000000003375e+00,6.126298231404657679e-01,3.873701768595342543e+01,-2.710424808097755545e+00
4.840000000000003411e+00,6.136857551232617336e-01,3.863142448767383286e+01,-2.639829956989814264e+00
4.880000000000003446e+00,6.147120433750262736e-01,3.852879566249736598e+01,-2.565720629411671894e+00
4.920000000000003482e+00,6.157079277128048034e-01,3.842920722871951256e+01,-2.489710844446335614e+00
4.960000000000003517e+00,6.166732232888770815e-01,3.833267767111229318e+01,-2.413238940180484349e+00
5.000000000000003553e+00,6.176082424230162626e-01,3.823917575769837640e+01,-2.337547835347919545e+00
5.040000000000003588e+00,6.185137146244636952e-01,3.814862853755363403e+01,-2.263680503618559214e+00
5.080000000000003624e+00,6.193907092947008586e-01,3.806092907052990881e+01,-2.192486675593130485e+00
5.120000000000003659e+00,6.202405641427458649e-01,3.797594358572541040e+01,-2.124637120112460309e+00
5.160000000000003695e+00,6.210648211395817242e-01,3.789351788604182758e+01,-2.060642492089570510e+00
5.200000000000003730e+00,6.218651709229655600e-01,3.781348290770344533e+01,-2.000874458459556138e+00
5.240000000000003766e+00,6.226434059191505721e-01,3.773565940808494190e+01,-1.945587490462585833e+00
5.280000000000003801e+00,6.234013820261301575e-01,3.765986179738698070e+01,-1.894940267449030102e+00
5.320000000000003837e+00,6.241409884450571655e-01,3.758590115549428390e+01,-1.849016047317419975e+00
5.360000000000003872e+00,6.248641250943369752e-01,3.751358749056630870e+01,-1.807841623199379910e+00
5.400000000000003908e+00,6.255726869458297923e-01,3.744273130541701988e+01,-1.771404628732220488e+00
5.440000000000003944e+00,6.262685545487098882e-01,3.737314454512901563e+01,-1.739669007200106421e+00
5.480000000000003979e+00,6.269535899359903741e-01,3.730464100640096348e+01,-1.712588468201303726e+00
5.520000000000004015e+00,6.276296370391712953e-01,3.723703629608287002e+01,-1.690117757952336319e+00
5.560000000000004050e+00,6.282985256800726059e-01,3.717014743199273852e+01,-1.672221602253287642e+00
5.600000000000004086e+00,6.289620781829218243e-01,3.710379218170782423e+01,-1.658881257122857278e+00
5.640000000000004121e+00,6.296221176700445010e-01,3.703778823299554546e+01,-1.650098717806969262e+00
5.680000000000004157e+00,6.302804771764709546e-01,3.697195228235290188e+01,-1.645898766066089536e+00
5.720000000000004192e+00,6.309390088342025082e-01,3.690609911657975317e+01,-1.646329144328717575e+00
5.760000000000004228e+00,6.315995925144930467e-01,3.684004074855069888e+01,-1.651459200726357324e+00
5.800000000000004263e+00,6.322641434463540655e-01,3.677358565536459878e+01,-1.661377329652502510e+00
5.840000000000004299e+00,6.329346184202088166e-01,3.670653815797911790e+01,-1.676187434637022022e+00
5.880000000000004334e+00,6.336130202097957076e-01,3.663869797902042791e+01,-1.696004473967249737e+00
5.920000000000004370e+00,6.343013997858278907e-01,3.656986002141720604e+01,-1.720948940080546663e+00
5.960000000000004405e+00,6.350018557459053969e-01,3.649981442540946119e+01,-1.751139900193621202e+00
6.000000000000004441e+00,6.357165301561900073e-01,3.642834698438099394e+01,-1.786686025711681225e+00
6.040000000000004476e+00,6.364475997153470344e-01,3.635524002846529612e+01,-1.827673897892445609e+00
6.080000000000004512e+00,6.371972608503931879e-01,3.628027391496068077e+01,-1.874152837615383760e+00
6.120000000000004547e+00,6.379677070928946314e-01,3.620322929071053863e+01,-1.926115606253553381e+00
6.160000000000004583e+00,6.387610969323956889e-01,3.612389030676042978e+01,-1.983474598752721363e+00
6.200000000000004619e+00,6.395795103845468565e-01,3.604204896154531212e+01,-2.046033630377941392e+00
6.240000000000004654e+00,6.404248928340742220e-01,3.595751071659258002e+01,-2.113456123818302501e+00
6.280000000000004690e+00,6.412989854074294671e-01,3.587010145925705729e+01,-2.185231433388068467e+00
6.320000000000004725e+00,6.422032422707145694e-01,3.577967577292854173e+01,-2.260642158212888830e+00
6.360000000000004761e+00,6.431387368692603745e-01,3.568612631307397010e+01,-2.338736496364290929e+00
6.400000000000004796e+00,6.441060611841742389e-01,3.558939388158256634e+01,-2.418310787285093966e+00
6.440000000000004832e+00,6.451052244191831653e-01,3.548947755808167415e+01,-2.497908087522304754e+00
6.480000000000004867e+00,6.461355598379614484e-01,3.538644401620385338e+01,-2.575838546945519170e+00
6.520000000000004903e+00,6.471956502820782609e-01,3.528043497179217525e+01,-2.650226110291953319e+00
6.560000000000004938e+00,6.482832836433183310e-01,3.517167163566817578e+01,-2.719083403099986640e+00
6.600000000000004974e+00,6.493954486927138170e-01,3.506045513072861297e+01,-2.780412623489070256e+00
6.640000000000005009e+00,6.505283788401735601e-01,3.494716211598264977e+01,-2.832325368649080133e+00
6.680000000000005045e+00,6.516776466736933227e-01,3.483223533263067395e+01,-2.873169583799395355e+00
6.720000000000005080e+00,6.528383060862884557e-01,3.471616939137115310e+01,-2.901648531488021376e+00
6.760000000000005116e+00,6.540050724977640728e-01,3.459949275022358961e+01,-2.916916028689087170e+00
6.800000000000005151e+00,6.551725264074387267e-01,3.448274735925612333e+01,-2.918634774186656955e+00
6.840000000000005187e+00,6.563353224252537199e-01,3.436646775747462357e+01,-2.906990044537494100e+00
6.880000000000005222e+00,6.574883856739882626e-01,3.425116143260117951e+01,-2.882658121836101373e+00
6.920000000000005258e+00,6.586270799865425740e-01,3.413729200134574171e+01,-2.846735781385945074e+00
6.960000000000005294e+00,6.597473369405997268e-01,3.402526630594002199e+01,-2.800642385142992907e+00
7.000000000000005329e+00,6.608457403880551029e-01,3.391542596119448660e+01,-2.746008618638384746e+00
7.040000000000005365e+00,6.619195666144975787e-01,3.380804333855024879e+01,-2.684565566105945322e+00
7.080000000000005400e+00,6.629667847209922416e-01,3.370332152790078339e+01,-2.618045266236634916e+00
7.120000000000005436e+00,6.639860247748807787e-01,3.360139752251193102e+01,-2.548100134721309473e+00
7.160000000000005471e+00,6.649765226490489400e-01,3.350234773509511399e+01,-2.476244685420425640e+00
7.200000000000005507e+00,6.659380504781314825e-01,3.340619495218685131e+01,-2.403819572706566987e+00
7.240000000000005542e+00,6.668708406822098089e-01,3.331291593177901689e+01,-2.331975510195860579e+00
7.280000000000005578e+00,6.677755099525584104e-01,3.322244900474416340e+01,-2.261673175871337094e+00
7.320000000000005613e+00,6.686529878215898837e-01,3.313470121784101252e+01,-2.193694672578772042e+00
7.360000000000005649e+00,6.695044527229360165e-01,3.304955472770639346e+01,-2.128662253365476431e+00
7.400000000000005684e+00,6.703312769659378612e-01,3.296687230340621966e+01,-2.067060607504345171e+00
7.440000000000005720e+00,6.711349808939065520e-01,3.288650191060935413e+01,-2.009259819921638268e+00
7.480000000000005755e+00,6.719171956920183542e-01,3.280828043079816325e+01,-1.955536995279771872e+00
7.520000000000005791e+00,6.726796338338328907e-01,3.273203661661671049e+01,-1.906095354536319064e+00
7.560000000000005826e+00,6.734240659494207248e-01,3.265759340505793773e+01,-1.861080288969318985e+00
7.600000000000005862e+00,6.741523028929151673e-01,3.258476971070848549e+01,-1.820592358736305982e+00
7.640000000000005898e+00,6.748661819124009975e-01,3.251338180875990247e+01,-1.784697548714575532e+00
7.680000000000005933e+00,6.755675560196651164e-01,3.244324439803349946e+01,-1.753435268160075111e+00
7.720000000000005969e+00,6.762582858753511950e-01,3.237417141246487517e+01,-1.726824639215607249e+00
7.760000000000006004e+00,6.769402337162936378e-01,3.230597662837062956e+01,-1.704869602356140490e+00
7.800000000000006040e+00,6.776152590387588548e-01,3.223847409612410786e+01,-1.687563306163042398e+00
7.840000000000006075e+00,6.782852159042357387e-01,3.217147840957642302e+01,-1.674892163692121017e+00
7.880000000000006111e+00,6.789519518466788917e-01,3.210480481533210195e+01,-1.666839856108026652e+00
7.920000000000006146e+00,6.796173084244119256e-01,3.203826915755880123e+01,-1.663391444332518176e+00
7.960000000000006182e+00,6.802831234673891725e-01,3.197168765326108542e+01,-1.664537607442895251e+00
8.000000000000005329e+00,6.809512350121537105e-01,3.190487649878463117e+01,-1.670278861911356216e+00
8.040000000000004476e+00,6.816234867871803216e-01,3.183765132128196740e+01,-1.680629437566594220e+00
8.080000000000003624e+00,6.823017349116293762e-01,3.176982650883705617e+01,-1.695620311122780777e+00
8.120000000000002771e+00,6.829878552121539936e-01,3.170121447878459264e+01,-1.715300751311588101e+00
8.160000000000001918e+00,6.836837502655036536e-01,3.163162497344963242e+01,-1.739737633374005554e+00
8.200000000000001066e+00,6.843913549664434326e-01,3.156086450335564564e+01,-1.769011752349669564e+00
8.240000000000000213e+00,6.851126391299838803e-01,3.148873608700161242e+01,-1.803210408850830504e+00
8.279999999999999361e+00,6.858496053926219638e-01,3.141503946073780185e+01,-1.842415656595264295e+00
8.319999999999998508e+00,6.866042805055100340e-01,3.133957194944899527e+01,-1.886687782220164422e+00
8.359999999999997655e+00,6.873786980407313729e-01,3.126213019592687203e+01,-1.936043838053080890e+00
8.399999999999996803e+00,6.881748705929786603e-01,3.118251294070213930e+01,-1.990431380618318258e+00
8.439999999999995950e+00,6.889947497969005630e-01,3.110052502030994503e+01,-2.049698009804856724e+00
8.479999999999995097e+00,6.898401729517851244e-01,3.101598270482149644e+01,-2.113557887211214847e+00
8.519999999999994245e+00,6.907127958164801518e-01,3.092872041835198615e+01,-2.181557161737757156e+00
8.559999999999993392e+00,6.916140122710133786e-01,3.083859877289866347e+01,-2.253041136333067129e+00
8.599999999999992539e+00,6.925448630723197718e-01,3.074551369276801438e+01,-2.327127003266227234e+00
8.639999999999991687e+00,6.935059378316001943e-01,3.064940621683997790e+01,-2.402686898200911969e+00
8.679999999999990834e+00,6.944972764773970075e-01,3.055027235226029347e+01,-2.478346614492110689e+00
8.719999999999989981e+00,6.955182785690130487e-01,3.044817214309870224e+01,-2.552505229039780943e+00
8.759999999999989129e+00,6.965676304699112142e-01,3.034323695300888346e+01,-2.623379752245469376e+00
8.799999999999988276e+00,6.976432610570683091e-01,3.023567389429317132e+01,-2.689076467892803635e+00
8.839999999999987423e+00,6.987423358167467180e-01,3.012576641832532687e+01,-2.747686899196111199e+00
8.879999999999986571e+00,6.998612965290543775e-01,3.001387034709456714e+01,-2.797401780768993262e+00
8.919999999999985718e+00,7.009959493125593744e-01,2.990040506874406390e+01,-2.836631958762581007e+00
8.959999999999984865e+00,7.021415981147167695e-01,2.978584018852832571e+01,-2.864122005393454629e+00
8.999999999999984013e+00,7.032932147783808041e-01,2.967067852216192136e+01,-2.879041659160108679e+00
9.039999999999983160e+00,7.044456318094535208e-01,2.955543681905464837e+01,-2.881042577681824923e+00
9.079999999999982307e+00,7.055937410176822411e-01,2.944062589823177234e+01,-2.870273020571900702e+00
9.119999999999981455e+00,7.067326809335611193e-01,2.932673190664388585e+01,-2.847349789697162237e+00
9.159999999999980602e+00,7.078579982799360071e-01,2.921420017200640018e+01,-2.813293365937141743e+00
9.199999999999979750e+00,7.089657731267160479e-01,2.910342268732838988e+01,-2.769437116950257405e+00
9.239999999999978897e+00,7.100527026270571085e-01,2.899472973729429270e+01,-2.717323750852429498e+00
9.279999999999978044e+00,7.111161433301904644e-01,2.888838566698095178e+01,-2.658601757833523038e+00
9.319999999999977192e+00,7.121541161495725802e-01,2.878458838504273842e+01,-2.594932048455333984e+00
9.359999999999976339e+00,7.131652807032925478e-01,2.868347192967074477e+01,-2.527911384299841302e+00
9.399999999999975486e+00,7.141488869079716251e-01,2.858511130920284415e+01,-2.459015511697515421e+00
9.439999999999974634e+00,7.151047116592833541e-01,2.848952883407166325e+01,-2.389561878279522489e+00
9.479999999999973781e+00,7.160329875698697721e-01,2.839670124301302678e+01,-2.320689776465911791e+00
9.519999999999972928e+00,7.169343294588245152e-01,2.830656705411755070e+01,-2.253354722386902154e+00
9.559999999999972076e+00,7.178096629138239759e-01,2.821903370861760152e+01,-2.188333637498729445e+00
9.599999999999971223e+00,7.186601579805648177e-01,2.813398420194351957e+01,-2.126237666852048847e+00
9.639999999999970370e+00,7.194871699709157742e-01,2.805128300290841992e+01,-2.067529975877491211e+00
9.679999999999969518e+00,7.202921885388156031e-01,2.797078114611844057e+01,-2.012546419749483562e+00
9.719999999999968665e+00,7.210767955233183812e-01,2.789232044766816898e+01,-1.961517461256789829e+00
9.759999999999967812e+00,7.218426315561968787e-01,2.781573684438031080e+01,-1.914590082196454546e+00
9.799999999999966960e+00,7.225913710356685060e-01,2.774086289643315695e+01,-1.871848698678846290e+00
9.839999999999966107e+00,7.233247047503568172e-01,2.766752952496432272e+01,-1.833334286720855744e+00
9.879999999999965254e+00,7.240443291892092459e-01,2.759556708107906786e+01,-1.799061097131371412e+00
9.919999999999964402e+00,7.247519413972695057e-01,2.752480586027304810e+01,-1.769030520150494112e+00
9.959999999999963549e+00,7.254492381444520577e-01,2.745507618555478757e+01,-1.743241867956513147e+00
9.999999999999962697e+00,7.261379181721763221e-01,2.738620818278236868e+01,-1.721700069310472259e+00
1.003999999999996184e+01,7.268196863690700171e-01,2.731803136309299873e+01,-1.704420492234248741e+00
1.007999999999996099e+01,7.274962588872836422e-01,2.725037411127163978e+01,-1.691431295533973866e+00
1.011999999999996014e+01,7.281693684199427308e-01,2.718306315800572293e+01,-1.682773831647921270e+00
1.015999999999995929e+01,7.288407690859664001e-01,2.711592309140335999e+01,-1.678501665059073389e+00
1.019999999999995843e+01,7.295122405789353781e-01,2.704877594210645952e+01,-1.678678732422511644e+00
1.023999999999995758e+01,7.301855914045745077e-01,2.698144085954255900e+01,-1.683377064097513198e+00
1.027999999999995673e+01,7.308626611365341974e-01,2.691373388634657715e+01,-1.692674329899546137e+00
1.031999999999995588e+01,7.315453216507721290e-01,2.684546783492278621e+01,-1.706651285594773526e+00
1.035999999999995502e+01,7.322354772502909226e-01,2.677645227497090730e+01,-1.725388998796972828e+00
1.039999999999995417e+01,7.329350634658051700e-01,2.670649365341948567e+01,-1.748965538785540730e+00
1.043999999999995332e+01,7.336460441211667405e-01,2.663539558788332329e+01,-1.777451638404059509e+00
1.047999999999995246e+01,7.343704059981436272e-01,2.656295940018563329e+01,-1.810904692442250052e+00
1.051999999999995161e+01,7.351101501431348550e-01,2.648898498568651405e+01,-1.849360362477980857e+00
1.055999999999995076e+01,7.358672785585941289e-01,2.641327214414059199e+01,-1.892821038648051513e+00
1.059999999999994991e+01,7.366437747558602922e-01,2.633562252441396367e+01,-1.941240493165707903e+00
1.063999999999994905e+01,7.374415764715740451e-01,2.625584235284259194e+01,-1.994504289284293463e+00
1.067999999999994820e+01,7.382625388398874611e-01,2.617374611601125878e+01,-2.052405920783328952e+00
1.071999999999994735e+01,7.391083865536883790e-01,2.608916134463115100e+01,-2.114619284502694541e+00
1.075999999999994650e+01,7.399806541291391593e-01,2.600193458708608318e+01,-2.180668938626695308e+00
1.079999999999994564e+01,7.408806143843358338e-01,2.591193856156641573e+01,-2.249900637991686381e+00
1.083999999999994479e+01,7.418091966898222589e-01,2.581908033101777278e+01,-2.321455763716073761e+00
1.087999999999994394e+01,7.427668984097293148e-01,2.572331015902706497e+01,-2.394254299767695215e+00
1.091999999999994309e+01,7.437536950840413219e-01,2.562463049159586603e+01,-2.466991685779973409e+00
1.095999999999994223e+01,7.447689570283323457e-01,2.552310429716676765e+01,-2.538154860727459550e+00
1.099999999999994138e+01,7.458113817339558915e-01,2.541886182660441307e+01,-2.606061764058864583e+00
1.103999999999994053e+01,7.468789522315900653e-01,2.531210477684098237e+01,-2.668926244085767507e+00
1.107999999999993967e+01,7.479689309368563466e-01,2.520310690631436046e+01,-2.724946763165547736e+00
1.111999999999993882e+01,7.490778961017091619e-01,2.509221038982909135e+01,-2.772412912131727580e+00
1.115999999999993797e+01,7.502018238697694130e-01,2.497981761302305870e+01,-2.809819420150816427e+00
1.119999999999993712e+01,7.513362135610779369e-01,2.486637864389220454e+01,-2.835974228271354036e+00
1.123999999999993626e+01,7.524762481131319625e-01,2.475237518868679842e+01,-2.850086380135152808e+00
1.127999999999993541e+01,7.536169767385346718e-01,2.463830232614652971e+01,-2.851821563506717894e+00
1.131999999999993456e+01,7.547535038875147206e-01,2.452464961124853460e+01,-2.841317872449877768e+00
1.135999999999993371e+01,7.558811681596868670e-01,2.441188318403131063e+01,-2.819160680430599086e+00
1.139999999999993285e+01,7.569956969013695858e-01,2.430043030986304586e+01,-2.786321854206619264e+00
1.143999999999993200e+01,7.580933262616517121e-01,2.419066737383482746e+01,-2.744073400705460131e+00
1.147999999999993115e+01,7.591708814958237905e-01,2.408291185041761651e+01,-2.693888085430273804e+00
1.151999999999993030e+01,7.602258172693674432e-01,2.397741827306326456e+01,-2.637339433858798543e+00
1.155999999999992944e+01,7.612562218087907118e-01,2.387437781912092305e+01,-2.576011348558537861e+00
1.159999999999992859e+01,7.622607915019692371e-01,2.377392084980307629e+01,-2.511424232946168900e+00
1.163999999999992774e+01,7.632387838704336458e-01,2.367612161295663498e+01,-2.444980921161032938e+00
1.167999999999992689e+01,7.641899568974634960e-01,2.358100431025364685e+01,-2.377932567574703171e+00
1.171999999999992603e+01,7.651145018332112802e-01,2.348854981667886932e+01,-2.311362339369438246e+00
1.175999999999992518e+01,7.660129751887204685e-01,2.339870248112795537e+01,-2.246183388772848843e+00
1.179999999999992433e+01,7.668862340181621384e-01,2.331137659818378438e+01,-2.183147073604274624e+00
1.183999999999992347e+01,7.677353770389516718e-01,2.322646229610482749e+01,-2.122857551973922341e+00
1.187999999999992262e+01,7.685616928291866268e-01,2.314383071708134310e+01,-2.065789475587109791e+00
1.191999999999992177e+01,7.693666153599361124e-01,2.306333846400637810e+01,-2.012306326874124807e+00
1.195999999999992092e+01,7.701516864836581711e-01,2.298483135163418467e+01,-1.962677809304835819e+00
1.199999999999992006e+01,7.709185246734981956e-01,2.290814753265017600e+01,-1.917095474600216676e+00
1.203999999999991921e+01,7.716687992239126270e-01,2.283312007760873996e+01,-1.875686376035901048e+00
1.207999999999991836e+01,7.724042092014891114e-01,2.275957907985109330e+01,-1.838524943941166612e+00
1.211999999999991751e+01,7.731264665986438134e-01,2.268735334013561555e+01,-1.805643492886943591e+00
1.215999999999991665e+01,7.738372833274561602e-01,2.261627166725438087e+01,-1.777041822030867024e+00
1.219999999999991580e+01,7.745383618478438592e-01,2.254616381521560697e+01,-1.752696300969347476e+00
1.223999999999991495e+01,7.752313893224048735e-01,2.247686106775951487e+01,-1.732568686402302660e+00
1.227999999999991410e+01,7.759180352147664328e-01,2.240819647852336516e+01,-1.716614730903742725e+00
1.231999999999991324e+01,7.765999521990361032e-01,2.234000478009639323e+01,-1.704792460674298127e+00
1.235999999999991239e+01,7.772787801374360095e-01,2.227212198625639417e+01,-1.697069845999976678e+00
1.239999999999991154e+01,7.779561527335916438e-01,2.220438472664083918e+01,-1.693431490388874749e+00
1.243999999999991068e+01,7.786337063067431119e-01,2.213662936932568925e+01,-1.693883932878748055e+00
1.247999999999990983e+01,7.793130899822033886e-01,2.206869100177965493e+01,-1.698459188650858209e+00
1.251999999999990898e+01,7.799959764718803479e-01,2.200040235281196033e+01,-1.707216224192364962e+00
1.255999999999990813e+01,7.806840725303906270e-01,2.193159274696093064e+01,-1.720240146275742177e+00
1.259999999999990727e+01,7.813791281089987883e-01,2.186208718910012294e+01,-1.737638946520192462e+00
1.263999999999990642e+01,7.820829431765363715e-01,2.179170568234636107e+01,-1.759537668844046721e+00
1.267999999999990557e+01,7.827973711180384875e-01,2.172026288819614592e+01,-1.786069853755378745e+00
1.271999999999990472e+01,7.835243175503383561e-01,2.164756824496616616e+01,-1.817366080749494017e+00
1.275999999999990386e+01,7.842657333139294584e-01,2.157342666860705549e+01,-1.853539408977766811e+00
1.279999999999990301e+01,7.850236003316387601e-01,2.149763996683611822e+01,-1.894667544273431758e+00
1.283999999999990216e+01,7.857999090000615805e-01,2.142000909999383396e+01,-1.940771671057106573e+00
1.287999999999990131e+01,7.865966258435304059e-01,2.134033741564695674e+01,-1.991792108671930350e+00
1.291999999999990045e+01,7.874156503648711558e-01,2.125843496351288309e+01,-2.047561303351841389e+00
1.295999999999989960e+01,7.882587604294972738e-01,2.117412395705026995e+01,-2.107775161565328403e+00
1.299999999999989875e+01,7.891275461762368160e-01,2.108724538237630952e+01,-2.171964366849010730e+00
1.303999999999989790e+01,7.900233334072462865e-01,2.099766665927536735e+01,-2.239468077523554257e+00
1.307999999999989704e+01,7.909470986919640012e-01,2.090529013080360698e+01,-2.309413211794009158e+00
1.311999999999989619e+01,7.918993799981141057e-01,2.081006200018859431e+01,-2.380703265375316846e+00
1.315999999999989534e+01,7.928801884267487887e-01,2.071198115732512690e+01,-2.452021071586685252e+00
1.319999999999989448e+01,7.938889283586021417e-01,2.061110716413978139e+01,-2.521849829633637796e+00
1.323999999999989363e+01,7.949243346739504057e-01,2.050756653260495455e+01,-2.588515788370671089e+00
1.327999999999989278e+01,7.959844362523341710e-01,2.040155637476658512e+01,-2.650253945959235580e+00
1.331999999999989193e+01,7.970665542487763711e-01,2.029334457512236156e+01,-2.705294991105589020e+00
1.335999999999989107e+01,7.981673413741231515e-01,2.018326586258768884e+01,-2.751967813366817950e+00
1.339999999999989022e+01,7.992828645777702024e-01,2.007171354222298021e+01,-2.788808009117715869e+00
1.343999999999988937e+01,8.004087285633910698e-01,1.995912714366089347e+01,-2.814659964052168561e+00
1.347999999999988852e+01,8.015402322977029925e-01,1.984597677022969719e+01,-2.828759335779906792e+00
1.351999999999988766e+01,8.026725461688232199e-01,1.973274538311767401e+01,-2.830784677800579630e+00
1.355999999999988681e+01,8.038008947108115088e-01,1.961991052891885090e+01,-2.820871354970577727e+00
1.359999999999988596e+01,8.049207294366830245e-01,1.950792705633169533e+01,-2.799586814678889368e+00
1.363999999999988511e+01,8.060278783266988656e-01,1.939721216733011033e+01,-2.767872225039624823e+00
1.367999999999988425e+01,8.071186623417653250e-01,1.928813376582347416e+01,-2.726960037665904224e+00
1.371999999999988340e+01,8.081899740510567476e-01,1.918100259489432347e+01,-2.678279273228767465e+00
1.375999999999988255e+01,8.092393180966273025e-01,1.907606819033726708e+01,-2.623360113926409554e+00
1.379999999999988169e+01,8.102648169952217927e-01,1.897351830047782073e+01,-2.563747246486158815e+00
1.383999999999988084e+01,8.112651882845615114e-01,1.887348117154384397e+01,-2.500928223349419000e+00
1.387999999999987999e+01,8.122397002073927785e-01,1.877602997926072703e+01,-2.436279807077923465e+00
1.391999999999987914e+01,8.131881132061041795e-01,1.868118867938957806e+01,-2.371032496778724408e+00
1.395999999999987828e+01,8.141106138162588213e-01,1.858893861837412942e+01,-2.306251525386215917e+00
1.399999999999987743e+01,8.150077464476456202e-01,1.849922535523543843e+01,-2.242831578467274767e+00
1.403999999999987658e+01,8.158803473031982501e-01,1.841196526968018077e+01,-2.181502138881441510e+00
1.407999999999987573e+01,8.167294834871183795e-01,1.832705165128817271e+01,-2.122840459800201529e+00
1.411999999999987487e+01,8.175563992820605863e-01,1.824436007179394892e+01,-2.067289487355594702e+00
1.415999999999987402e+01,8.183624706580854280e-01,1.816375293419146431e+01,-2.015178440062115328e+00
1.419999999999987317e+01,8.191491683114484612e-01,1.808508316885514944e+01,-1.966744133407871686e+00
1.423999999999987232e+01,8.199180289111492881e-01,1.800819710888507075e+01,-1.922151499251967266e+00
1.427999999999987146e+01,8.206706337543321350e-01,1.793293662456679272e+01,-1.881512107956950786e+00
1.431999999999987061e+01,8.214085937034502072e-01,1.785914062965497351e+01,-1.844899872795480178e+00
1.435999999999986976e+01,8.221335391042812191e-01,1.778664608957187454e+01,-1.812363502077474209e+00
1.439999999999986890e+01,8.228471133619905675e-01,1.771528866380094769e+01,-1.783935644273171306e+00
1.443999999999986805e+01,8.235509689663145227e-01,1.764490310336854861e+01,-1.759639010809976867e+00
1.447999999999986720e+01,8.242467649761640036e-01,1.757532350238359697e+01,-1.739490024623790987e+00
1.451999999999986635e+01,8.249361652586043592e-01,1.750638347413956808e+01,-1.723500706100722368e+00
1.455999999999986549e+01,8.256208370837654353e-01,1.743791629162346624e+01,-1.711679562902546081e+00
1.459999999999986464e+01,8.263024499653560673e-01,1.736975500346439105e+01,-1.704032203976879600e+00
1.463999999999986379e+01,8.269826748720788823e-01,1.730173251279211399e+01,-1.700562266806926459e+00
1.467999999999986294e+01,8.276631840914476790e-01,1.723368159085522677e+01,-1.701273048422180523e+00
1.471999999999986208e+01,8.283456520847858329e-01,1.716543479152142027e+01,-1.706169983345162677e+00
1.475999999999986123e+01,8.290317576173145131e-01,1.709682423826853892e+01,-1.715263831322033639e+00
1.479999999999986038e+01,8.297231872760907345e-01,1.702768127239092166e+01,-1.728574146940431433e+00
1.483999999999985953e+01,8.304216402080255577e-01,1.695783597919744068e+01,-1.746132329837024599e+00
1.487999999999985867e+01,8.311288335420576878e-01,1.688711664579423655e+01,-1.767983335080103302e+00
1.491999999999985782e+01,8.318465075405745424e-01,1.681534924594254221e+01,-1.794184996292358392e+00
1.495999999999985697e+01,8.325764291048514121e-01,1.674235708951486856e+01,-1.824803910691841224e+00
1.499999999999985612e+01,8.333203918930887077e-01,1.666796081069112745e+01,-1.859906970593527831e+00
1.503999999999985526e+01,8.340802110503491296e-01,1.659197889496508083e+01,-1.899547893151165567e+00
1.507999999999985441e+01,8.348577104417878036e-01,1.651422895582122408e+01,-1.943748478596418749e+00
1.511999999999985356e+01,8.356547003574386068e-01,1.643452996425614288e+01,-1.992474789127030022e+00
1.515999999999985270e+01,8.364729439437483816e-01,1.635270560562516096e+01,-2.045608965774547983e+00
1.519999999999985185e+01,8.373141111381852131e-01,1.626858888618147603e+01,-2.102917986092123215e+00
1.523999999999985100e+01,8.381797196650743187e-01,1.618202803349257124e+01,-2.164021317222619700e+00
1.527999999999985015e+01,8.390710637209766176e-01,1.609289362790234179e+01,-2.228360139755736213e+00
1.531999999999984929e+01,8.399891323514737662e-01,1.600108676485263004e+01,-2.295171576242793776e+00
1.535999999999984844e+01,8.409345211749772453e-01,1.590654788250226659e+01,-2.363472058759086281e+00
1.539999999999984759e+01,8.419073429459694724e-01,1.580926570540304965e+01,-2.432054427480423442e+00
1.543999999999984674e+01,8.429071442644934242e-01,1.570928557355065891e+01,-2.499503296309768530e+00
1.547999999999984588e+01,8.439328371993182198e-01,1.560671628006817002e+01,-2.564232337062222200e+00
1.551999999999984503e+01,8.449826552666028778e-01,1.550173447333970955e+01,-2.624545168211511736e+00
1.555999999999984418e+01,8.460541426454385450e-01,1.539458573545614684e+01,-2.678718447089067922e+00
1.559999999999984333e+01,8.471441833947001010e-01,1.528558166052998502e+01,-2.725101873154045506e+00
1.563999999999984247e+01,8.482490737370275147e-01,1.517509262629724276e+01,-2.762225855818556397e+00
1.567999999999984162e+01,8.493646355867443543e-01,1.506353644132555303e+01,-2.788904624292243284e+00
1.571999999999984077e+01,8.504863642252956657e-01,1.495136357747043121e+01,-2.804321596378045456e+00
1.575999999999983991e+01,8.516095984206695224e-01,1.483904015793305575e+01,-2.808085488434386434e+00
1.579999999999983906e+01,8.527296983448326984e-01,1.472703016551673727e+01,-2.800249810407962059e+00
1.583999999999983821e+01,8.538422159961237545e-01,1.461577840038762588e+01,-2.781294128227784768e+00
1.587999999999983736e+01,8.549430445477511631e-01,1.450569554522488147e+01,-2.752071379068610213e+00
1.591999999999983650e+01,8.560285366237044835e-01,1.439714633762955032e+01,-2.713730189883278854e+00
1.595999999999983565e+01,8.570955860823489258e-01,1.429044139176511408e+01,-2.667623646610906007e+00
1.599999999999983480e+01,8.581416725118887756e-01,1.418583274881112288e+01,-2.615216073849779832e+00
1.603999999999983572e+01,8.591648715254234236e-01,1.408351284745765497e+01,-2.557997533836697812e+00
1.607999999999983487e+01,8.601638366204326092e-01,1.398361633795673242e+01,-2.497412737523063697e+00
1.611999999999983402e+01,8.611377597131076866e-01,1.388622402868922734e+01,-2.434807731687627097e+00
1.615999999999983316e+01,8.620863176183500842e-01,1.379136823816499202e+01,-2.371394763105882930e+00
1.619999999999983231e+01,8.630096110280454091e-01,1.369903889719546441e+01,-2.308233524238190171e+00
1.623999999999983146e+01,8.639081013033086398e-01,1.360918986966913735e+01,-2.246225688158176581e+00
1.627999999999983061e+01,8.647825489731283399e-01,1.352174510268716290e+01,-2.186119174549361333e+00
1.631999999999982975e+01,8.656339564798758435e-01,1.343660435201242365e+01,-2.128518766868481293e+00
1.635999999999982890e+01,8.664635165948444406e-01,1.335364834051556215e+01,-2.073900287421537314e+00
1.639999999999982805e+01,8.672725671161779504e-01,1.327274328838220185e+01,-2.022626303334007503e+00
1.643999999999982720e+01,8.680625519529207024e-01,1.319374480470793287e+01,-1.974962091856724555e+00
1.647999999999982634e+01,8.688349884367521092e-01,1.311650115632478730e+01,-1.931091209578639223e+00
1.651999999999982549e+01,8.695914406051519219e-01,1.304085593948481403e+01,-1.891130420999331818e+00
1.655999999999982464e+01,8.703334981814491167e-01,1.296665018185508700e+01,-1.855143940743175790e+00
1.659999999999982379e+01,8.710627609681563799e-01,1.289372390318436601e+01,-1.823156966768024745e+00
1.663999999999982293e+01,8.717808283250775281e-01,1.282191716749224497e+01,-1.795168392303025939e+00
1.667999999999982208e+01,8.724892933076203727e-01,1.275107066923796140e+01,-1.771162456357089354e+00
1.671999999999982123e+01,8.731897409041546876e-01,1.268102590958453391e+01,-1.751118991335687269e+00
1.675999999999982037e+01,8.738837496644248359e-01,1.261162503355751596e+01,-1.735021900675448592e+00
1.679999999999981952e+01,8.745728958911802575e-01,1.254271041088196625e+01,-1.722865566888742705e+00
1.683999999999981867e+01,8.752587595062597536e-01,1.247412404937402641e+01,-1.714659037698496036e+00
1.687999999999981782e+01,8.759429307173650647e-01,1.240570692826349841e+01,-1.710428027763200021e+00
1.691999999999981696e+01,8.766270166985901113e-01,1.233729833014098176e+01,-1.710214953062916265e+00
1.695999999999981611e+01,8.773126476336469137e-01,1.226873523663530818e+01,-1.714077337641839449e+00
1.699999999999981526e+01,8.780014816208003836e-01,1.219985183791996519e+01,-1.722084967883574791e+00
1.703999999999981441e+01,8.786952080655658914e-01,1.213047919344340642e+01,-1.734316111913969394e+00
1.707999999999981355e+01,8.793955492611646996e-01,1.206044507388352827e+01,-1.750852988996953741e+00
1.711999999999981270e+01,8.801042598604983391e-01,1.198957401395017541e+01,-1.771776498333821337e+00
1.715999999999981185e+01,8.808231238748192027e-01,1.191768761251807973e+01,-1.797160035802392031e+00
1.719999999999981100e+01,8.815539487035229937e-01,1.184460512964770373e+01,-1.827062071759399942e+00
1.723999999999981014e+01,8.822985555265975277e-01,1.177014444734024323e+01,-1.861517057686512544e+00
1.727999999999980929e+01,8.830587652017309885e-01,1.169412347982689937e+01,-1.900524187833596557e+00
1.731999999999980844e+01,8.838363786346969952e-01,1.161636213653029870e+01,-1.944033582415016781e+00
1.735999999999980759e+01,8.846331504748230490e-01,1.153668495251770310e+01,-1.991929600314890081e+00
1.739999999999980673e+01,8.854507549803242172e-01,1.145492450196758227e+01,-2.044011263753020557e+00
1.743999999999980588e+01,8.862907430671664866e-01,1.137092569328335401e+01,-2.099970217105706638e+00
1.747999999999980503e+01,8.871544899753638358e-01,1.128455100246361553e+01,-2.159367270493461888e+00
1.751999999999980417e+01,8.880431337287957305e-01,1.119568662712043761e+01,-2.221609383579448149e+00
1.755999999999980332e+01,8.889575056739776882e-01,1.110424943260223074e+01,-2.285929862955171643e+00
1.759999999999980247e+01,8.898980558470180879e-01,1.101019441529818721e+01,-2.351375432601088278e+00
1.763999999999980162e+01,8.908647776355004266e-01,1.091352223644994979e+01,-2.416804471205935556e+00
1.767999999999980076e+01,8.918571379541908595e-01,1.081428620458090961e+01,-2.480900796726004387e+00
1.771999999999979991e+01,8.928740206001511970e-01,1.071259793998487453e+01,-2.542206614900877071e+00
1.775999999999979906e+01,8.939136911644918193e-01,1.060863088355081629e+01,-2.599176410851455898e+00
1.779999999999979821e+01,8.949737914242917869e-01,1.050262085757081820e+01,-2.650250649499952260e+00
1.783999999999979735e+01,8.960513692275655639e-01,1.039486307724344272e+01,-2.693944508184387132e+00
1.787999999999979650e+01,8.971429465138175408e-01,1.028570534861825081e+01,-2.728943215629797692e+00
1.791999999999979565e+01,8.982446236749872526e-01,1.017553763250127474e+01,-2.754192902924401665e+00
1.795999999999979480e+01,8.993522137225025137e-01,1.006477862774974597e+01,-2.768975118788219447e+00
1.799999999999979394e+01,9.004613956576040801e-01,9.953860434239601318e+00,-2.772954837753616175e+00
1.803999999999979309e+01,9.015678739398190755e-01,9.843212606018099109e+00,-2.766195705537555227e+00
1.807999999999979224e+01,9.026675305453800702e-01,9.733246945461999644e+00,-2.749141513902486622e+00
1.811999999999979138e+01,9.037565578074103767e-01,9.624344219258958333e+00,-2.722568155076032781e+00
1.815999999999979053e+01,9.048315635282093705e-01,9.516843647179072718e+00,-2.687514301997140365e+00
1.819999999999978968e+01,9.058896439330339501e-01,9.411035606696600553e+00,-2.645201012061804136e+00
1.823999999999978883e+01,9.069284240331079161e-01,9.307157596689208390e+00,-2.596950250184804077e+00
1.827999999999978797e+01,9.079460682163457141e-01,9.205393178365426365e+00,-2.544110458094550609e+00
1.831999999999978712e+01,9.089412660389991627e-01,9.105873396100093942e+00,-2.487994556633310594e+00
1.835999999999978627e+01,9.099131992188982387e-01,9.008680078110174350e+00,-2.429832949747989801e+00
1.839999999999978542e+01,9.108614959233355401e-01,8.913850407666444653e+00,-2.370741761093242417e+00
1.843999999999978456e+01,9.117861778956232177e-01,8.821382210437676008e+00,-2.311704930719216122e+00
1.847999999999978371e+01,9.126876050608935254e-01,8.731239493910649685e+00,-2.253567913175658077e+00
1.851999999999978286e+01,9.135664212157081909e-01,8.643357878429185348e+00,-2.197040387036608422e+00
1.855999999999978201e+01,9.144235033773138177e-01,8.557649662268616453e+00,-2.142705404014222381e+00
1.859999999999978115e+01,9.152599164229415774e-01,8.474008357705841377e+00,-2.091032614069376905e+00
1.863999999999978030e+01,9.160768738254024823e-01,8.392312617459751323e+00,-2.042393506152251348e+00
1.867999999999977945e+01,9.168757046121465137e-01,8.312429538785352179e+00,-1.997076966859978597e+00
1.871999999999977859e+01,9.176578261602953424e-01,8.234217383970459991e+00,-1.955303870372304686e+00
1.875999999999977774e+01,9.184247221041732523e-01,8.157527789582672995e+00,-1.917239859694674919e+00
1.879999999999977689e+01,9.191779244770219570e-01,8.082207552297802522e+00,-1.883005932121761816e+00
1.883999999999977604e+01,9.199189992193385068e-01,8.008100078066149763e+00,-1.852686855791318976e+00
1.887999999999977518e+01,9.206495343279049726e-01,7.935046567209496970e+00,-1.826337771416319811e+00
1.891999999999977433e+01,9.213711301429637901e-01,7.862886985703624987e+00,-1.803989537646799590e+00
1.895999999999977348e+01,9.220853915203226503e-01,7.791460847967741188e+00,-1.785653443397094975e+00
1.899999999999977263e+01,9.227939218572120961e-01,7.720607814278793057e+00,-1.771325842223703262e+00
1.903999999999977177e+01,9.234983190917656071e-01,7.650168090823441958e+00,-1.760993086383777495e+00
1.907999999999977092e+01,9.242001738469576289e-01,7.579982615304231786e+00,-1.754636887980254301e+00
1.911999999999977007e+01,9.249010698286564969e-01,7.509893017134345428e+00,-1.752239954247158948e+00
1.915999999999976922e+01,9.256025864199873832e-01,7.439741358001271010e+00,-1.753791478326860442e+00
1.919999999999976836e+01,9.263063031624279020e-01,7.369369683757213352e+00,-1.759291856101441454e+00
1.923999999999976751e+01,9.270138055128261945e-01,7.298619448717374780e+00,-1.768755875995964288e+00
1.927999999999976666e+01,9.277266909557628782e-01,7.227330904423709512e+00,-1.782213607341631700e+00
1.931999999999976581e+01,9.284465742738231553e-01,7.155342572617684027e+00,-1.799708295150637127e+00
1.935999999999976495e+01,9.291750905674356353e-01,7.082490943256431137e+00,-1.821290734031322245e+00
1.939999999999976410e+01,9.299138944949075780e-01,7.008610550509231985e+00,-1.847009818679978821e+00
1.943999999999976325e+01,9.306646541841390174e-01,6.933534581586101808e+00,-1.876899223078254408e+00
1.947999999999976239e+01,9.314290383557798370e-01,6.857096164422017637e+00,-1.910960429102104285e+00
1.951999999999976154e+01,9.322086953973154344e-01,6.779130460268461889e+00,-1.949142603838893706e+00
1.955999999999976069e+01,9.330052234457447691e-01,6.699477655425525313e+00,-1.991320121073414384e+00
1.959999999999975984e+01,9.338201309878692014e-01,6.617986901213086526e+00,-2.037268855310969684e+00
1.963999999999975898e+01,9.346547880907811745e-01,6.534521190921878997e+00,-2.086642757280188221e+00
1.967999999999975813e+01,9.355103691505836094e-01,6.448963084941638613e+00,-2.138952649506009607e+00
1.971999999999975728e+01,9.363877890011874650e-01,6.361221099881262830e+00,-2.193549626509394557e+00
1.975999999999975643e+01,9.372876353357658674e-01,6.271236466423417255e+00,-2.249615836446139383e+00
1.979999999999975557e+01,9.382101015907390318e-01,6.178989840926092825e+00,-2.306165637433110760e+00
1.983999999999975472e+01,9.391549255903189897e-01,6.084507440968096148e+00,-2.362059998949916917e+00
1.987999999999975387e+01,9.401213401402103154e-01,5.987865985978970684e+00,-2.416036374728136593e+00
1.991999999999975302e+01,9.411080421264427232e-01,5.889195787355731682e+00,-2.466754965580975067e+00
1.995999999999975216e+01,9.421131862454441563e-01,5.788681375455581701e+00,-2.512860297503749507e+00
1.999999999999975131e+01,9.431344080623426107e-01,5.686559193765731379e+00,-2.553054542246258052e+00
2.003999999999975046e+01,9.441688786361103203e-01,5.583112136388976410e+00,-2.586176434418874237e+00
