time,total_energy
4.000000000000000083e-02,-5.079089943117493249e+02
8.000000000000000167e-02,-5.213052274971987572e+02
1.199999999999999956e-01,-5.300867722719498261e+02
1.600000000000000033e-01,-5.364763154001632302e+02
2.000000000000000111e-01,-5.415522490401259574e+02
2.400000000000000189e-01,-5.458714155880049930e+02
2.800000000000000266e-01,-5.497373505074878040e+02
3.200000000000000067e-01,-5.533232072595100135e+02
3.599999999999999867e-01,-5.567313228959926619e+02
3.999999999999999667e-01,-5.600236750258003440e+02
4.399999999999999467e-01,-5.632383163912138571e+02
4.799999999999999267e-01,-5.663987383770563611e+02
5.199999999999999067e-01,-5.695194962560672138e+02
5.599999999999999423e-01,-5.726097516817633277e+02
5.999999999999999778e-01,-5.756755819394686569e+02
6.400000000000000133e-01,-5.787215066649966957e+02
6.800000000000000488e-01,-5.817514814476314768e+02
7.200000000000000844e-01,-5.847695051882795951e+02
7.600000000000001199e-01,-5.877799357866261971e+02
8.000000000000001554e-01,-5.907875819987956447e+02
8.400000000000001910e-01,-5.937976253557116024e+02
8.800000000000002265e-01,-5.968154183337460381e+02
9.200000000000002620e-01,-5.998462003626639216e+02
9.600000000000002975e-01,-6.028947703088057324e+02
1.000000000000000222e+00,-6.059651520772877120e+02
1.040000000000000258e+00,-6.090602883441322319e+02
1.080000000000000293e+00,-6.121817953732102069e+02
1.120000000000000329e+00,-6.153298083796496485e+02
1.160000000000000364e+00,-6.185029409215060241e+02
1.200000000000000400e+00,-6.216983726076791754e+02
1.240000000000000435e+00,-6.249120669894886078e+02
1.280000000000000471e+00,-6.281391068326495315e+02
1.320000000000000506e+00,-6.313741189961000373e+02
1.360000000000000542e+00,-6.346117484358992442e+02
1.400000000000000577e+00,-6.378471329183001899e+02
1.440000000000000613e+00,-6.410763285908910802e+02
1.480000000000000648e+00,-6.442966420218116355e+02
1.520000000000000684e+00,-6.475068356177775968e+02
1.560000000000000719e+00,-6.507071883048670315e+02
1.600000000000000755e+00,-6.538994093814790176e+02
1.640000000000000790e+00,-6.570864181796931689e+02
1.680000000000000826e+00,-6.602720140253825321e+02
1.720000000000000862e+00,-6.634604693409269203e+02
1.760000000000000897e+00,-6.666560837229636718e+02
1.800000000000000933e+00,-6.698627389603980191e+02
1.840000000000000968e+00,-6.730834946942890156e+02
1.880000000000001004e+00,-6.763202618776355166e+02
1.920000000000001039e+00,-6.795735860919336346e+02
1.960000000000001075e+00,-6.828425646492659098e+02
2.000000000000000888e+00,-6.861249099863428000e+02
2.040000000000000924e+00,-6.894171575059419865e+02
2.080000000000000959e+00,-6.927150000244178045e+02
2.120000000000000995e+00,-6.960137155060964460e+02
2.160000000000001030e+00,-6.993086424412883844e+02
2.200000000000001066e+00,-7.025956504691995406e+02
2.240000000000001101e+00,-7.058715541228988286e+02
2.280000000000001137e+00,-7.091344249176610219e+02
2.320000000000001172e+00,-7.123837699995219737e+02
2.360000000000001208e+00,-7.156205617887998187e+02
2.400000000000001243e+00,-7.188471197688538723e+02
2.440000000000001279e+00,-7.220668604762199720e+02
2.480000000000001315e+00,-7.252839434106491581e+02
2.520000000000001350e+00,-7.285028485249304140e+02
2.560000000000001386e+00,-7.317279254052151600e+02
2.600000000000001421e+00,-7.349629557268415283e+02
2.640000000000001457e+00,-7.382107694570012200e+02
2.680000000000001492e+00,-7.414729516039309374e+02
2.720000000000001528e+00,-7.447496697757710535e+02
2.760000000000001563e+00,-7.480396430469700135e+02
2.800000000000001599e+00,-7.513402596285969821e+02
2.840000000000001634e+00,-7.546478353519454458e+02
2.880000000000001670e+00,-7.579579886774102988e+02
2.920000000000001705e+00,-7.612660932586840090e+02
2.960000000000001741e+00,-7.645677586558653047e+02
3.000000000000001776e+00,-7.678592857042934838e+02
3.040000000000001812e+00,-7.711380462263192612e+02
3.080000000000001847e+00,-7.744027466437978546e+02
3.120000000000001883e+00,-7.776535497102960335e+02
3.160000000000001918e+00,-7.808920453885733650e+02
3.200000000000001954e+00,-7.841210782132279746e+02
3.240000000000001990e+00,-7.873444522985480489e+02
3.280000000000002025e+00,-7.905665454271174895e+02
3.320000000000002061e+00,-7.937918702222668799e+02
3.360000000000002096e+00,-7.970246236521264791e+02
3.400000000000002132e+00,-8.002682665295642437e+02
3.440000000000002167e+00,-8.035251725135527749e+02
3.480000000000002203e+00,-8.067963812614526660e+02
3.520000000000002238e+00,-8.100814824667650100e+02
3.560000000000002274e+00,-8.133786462907254418e+02
3.600000000000002309e+00,-8.166848014473092690e+02
3.640000000000002345e+00,-8.199959460767088331e+02
3.680000000000002380e+00,-8.233075605822757552e+02
3.720000000000002416e+00,-8.266150783993182358e+02
3.760000000000002451e+00,-8.299143627023140652e+02
3.800000000000002487e+00,-8.332021359998344678e+02
3.840000000000002522e+00,-8.364763157065867745e+02
3.880000000000002558e+00,-8.397362209383439904e+02
3.920000000000002593e+00,-8.429826316549269904e+02
3.960000000000002629e+00,-8.462176981547952437e+02
4.000000000000002665e+00,-8.494447143789176380e+02
4.040000000000002700e+00,-8.526677808962405152e+02
4.080000000000002736e+00,-8.558913921658191839e+02
4.120000000000002771e+00,-8.591199878126927842e+02
4.160000000000002807e+00,-8.623575096905308328e+02
4.200000000000002842e+00,-8.656070058498903563e+02
4.240000000000002878e+00,-8.688703192786057343e+02
4.280000000000002913e+00,-8.721478931753681536e+02
4.320000000000002949e+00,-8.754387151982411979e+02
4.360000000000002984e+00,-8.787404105298622881e+02
4.400000000000003020e+00,-8.820494783544420443e+02
4.440000000000003055e+00,-8.853616499943706231e+02
4.480000000000003091e+00,-8.886723318399532445e+02
4.520000000000003126e+00,-8.919770849562831927e+02
4.560000000000003162e+00,-8.952720880809733899e+02
4.600000000000003197e+00,-8.985545327545496548e+02
4.640000000000003233e+00,-9.018229082041603988e+02
4.680000000000003268e+00,-9.050771476174438703e+02
4.720000000000003304e+00,-9.083186240380346135e+02
4.760000000000003340e+00,-9.115500006209795174e+02
4.800000000000003375e+00,-9.147749542863398347e+02
4.840000000000003411e+00,-9.179978027007705350e+02
4.880000000000003446e+00,-9.212230717054170555e+02
4.920000000000003482e+00,-9.244550441061617221e+02
4.960000000000003517e+00,-9.276973316357991735e+02
5.000000000000003553e+00,-9.309525101802071276e+02
5.040000000000003588e+00,-9.342218539596379969e+02
5.080000000000003624e+00,-9.375051969331979080e+02
5.120000000000003659e+00,-9.408009389630207124e+02
5.160000000000003695e+00,-9.441062004276529933e+02
5.200000000000003730e+00,-9.474171130264086287e+02
5.240000000000003766e+00,-9.507292183849543790e+02
5.280000000000003801e+00,-9.540379322898012333e+02
5.320000000000003837e+00,-9.573390234847829561e+02
5.360000000000003872e+00,-9.606290537714083939e+02
5.400000000000003908e+00,-9.639057311819435654e+02
5.440000000000003944e+00,-9.671681392782545572e+02
5.480000000000003979e+00,-9.704168210267894210e+02
5.520000000000004015e+00,-9.736537125254559442e+02
5.560000000000004050e+00,-9.768819376192230948e+02
5.600000000000004086e+00,-9.801054873882043239e+02
5.640000000000004121e+00,-9.833288178258500238e+02
5.680000000000004157e+00,-9.865564047499567550e+02
5.720000000000004192e+00,-9.897922975365070215e+02
5.760000000000004228e+00,-9.930397130698926276e+02
5.800000000000004263e+00,-9.963007085019645501e+02
5.840000000000004299e+00,-9.995759657954705517e+02
5.880000000000004334e+00,-1.002864712230880627e+03
5.920000000000004370e+00,-1.006164788949663034e+03
5.960000000000004405e+00,-1.009472864704257631e+03
6.000000000000004441e+00,-1.012784775693574147e+03
6.040000000000004476e+00,-1.016095956912716701e+03
6.080000000000004512e+00,-1.019401918452829022e+03
6.120000000000004547e+00,-1.022698713963769592e+03
6.160000000000004583e+00,-1.025983349351757397e+03
6.200000000000004619e+00,-1.029254087611730029e+03
6.240000000000004654e+00,-1.032510618976941487e+03
6.280000000000004690e+00,-1.035754081853204525e+03
6.320000000000004725e+00,-1.038986936616607636e+03
6.360000000000004761e+00,-1.042212709070143546e+03
6.400000000000004796e+00,-1.045435631825140490e+03
6.440000000000004832e+00,-1.048660219670413198e+03
6.480000000000004867e+00,-1.051890819343625708e+03
6.520000000000004903e+00,-1.055131175499653637e+03
6.560000000000004938e+00,-1.058384053405400209e+03
6.600000000000004974e+00,-1.061650954961842672e+03
6.640000000000005009e+00,-1.064931957748817695e+03
6.680000000000005045e+00,-1.068225696593131488e+03
6.720000000000005080e+00,-1.071529493775466335e+03
6.760000000000005116e+00,-1.074839628294439990e+03
6.800000000000005151e+00,-1.078151718381517640e+03
6.840000000000005187e+00,-1.081461177165308300e+03
6.880000000000005222e+00,-1.084763691592180749e+03
6.920000000000005258e+00,-1.088055671378028137e+03
6.960000000000005294e+00,-1.091334618632967249e+03
7.000000000000005329e+00,-1.094599379134463106e+03
7.040000000000005365e+00,-1.097850251048981818e+03
7.080000000000005400e+00,-1.101088943592555552e+03
7.120000000000005436e+00,-1.104318394128845284e+03
7.160000000000005471e+00,-1.107542465652250939e+03
7.200000000000005507e+00,-1.110765556542280592e+03
7.240000000000005542e+00,-1.113992160793224684e+03
7.280000000000005578e+00,-1.117226419996514778e+03
7.320000000000005613e+00,-1.120471708625059364e+03
7.360000000000005649e+00,-1.123730291827210976e+03
7.400000000000005684e+00,-1.127003089818446142e+03
7.440000000000005720e+00,-1.130289574704123652e+03
7.480000000000005755e+00,-1.133587813990975292e+03
7.520000000000005791e+00,-1.136894660543142436e+03
7.560000000000005826e+00,-1.140206072576005909e+03
7.600000000000005862e+00,-1.143517531569010998e+03
7.640000000000005898e+00,-1.146824513301331763e+03
7.680000000000005933e+00,-1.150122959962980076e+03
7.720000000000005969e+00,-1.153409700967476283e+03
7.760000000000006004e+00,-1.156682776811588155e+03
7.800000000000006040e+00,-1.159941632793633289e+03
7.840000000000006075e+00,-1.163187165289084305e+03
7.880000000000006111e+00,-1.166421619924194374e+03
7.920000000000006146e+00,-1.169648356073557352e+03
7.960000000000006182e+00,-1.172871504138418231e+03
8.000000000000005329e+00,-1.176095550470380203e+03
8.040000000000004476e+00,-1.179324889725215826e+03
8.080000000000003624e+00,-1.182563386311151135e+03
8.120000000000002771e+00,-1.185813985792017093e+03
8.160000000000001918e+00,-1.189078413651430310e+03
8.200000000000001066e+00,-1.192356992444163552e+03
8.240000000000000213e+00,-1.195648598719780466e+03
8.279999999999999361e+00,-1.198950768219852307e+03
8.319999999999998508e+00,-1.202259942465148470e+03
8.359999999999997655e+00,-1.205571833604862377e+03
8.399999999999996803e+00,-1.208881869668224454e+03
8.439999999999995950e+00,-1.212185671720600794e+03
8.479999999999995097e+00,-1.215479509970138452e+03
8.519999999999994245e+00,-1.218760688548998132e+03
8.559999999999993392e+00,-1.222027818010752071e+03
8.599999999999992539e+00,-1.225280948752542372e+03
8.639999999999991687e+00,-1.228521555039559871e+03
8.679999999999990834e+00,-1.231752375500698463e+03
8.719999999999989981e+00,-1.234977129875961282e+03
8.759999999999989129e+00,-1.238200142330486642e+03
8.799999999999988276e+00,-1.241425908568349541e+03
8.839999999999987423e+00,-1.244658647592622856e+03
8.879999999999986571e+00,-1.247901879709937020e+03
8.919999999999985718e+00,-1.251158070499800033e+03
8.959999999999984865e+00,-1.254428375846790232e+03
8.999999999999984013e+00,-1.257712515427539756e+03
9.039999999999983160e+00,-1.261008791019857199e+03
9.079999999999982307e+00,-1.264314251946428840e+03
9.119999999999981455e+00,-1.267624993996877492e+03
9.159999999999980602e+00,-1.270936562276935319e+03
9.199999999999979750e+00,-1.274244415141373793e+03
9.239999999999978897e+00,-1.277544398132748711e+03
9.279999999999978044e+00,-1.280833175337558941e+03
9.319999999999977192e+00,-1.284108571142952769e+03
9.359999999999976339e+00,-1.287369786952597678e+03
9.399999999999975486e+00,-1.290617472823062371e+03
9.439999999999974634e+00,-1.293853650575292477e+03
9.479999999999973781e+00,-1.297081500333058102e+03
9.519999999999972928e+00,-1.300305035004461843e+03
9.559999999999972076e+00,-1.303528696238525072e+03
9.599999999999971223e+00,-1.306756910888072980e+03
9.639999999999970370e+00,-1.309993649403698555e+03
9.679999999999969518e+00,-1.313242027247231590e+03
9.719999999999968665e+00,-1.316503987435781028e+03
9.759999999999967812e+00,-1.319780096469916316e+03
9.799999999999966960e+00,-1.323069476822802471e+03
9.839999999999966107e+00,-1.326369886811157130e+03
9.879999999999965254e+00,-1.329677943648130395e+03
9.919999999999964402e+00,-1.332989469287726706e+03
9.959999999999963549e+00,-1.336299923578381140e+03
9.999999999999962697e+00,-1.339604877825007179e+03
1.003999999999996184e+01,-1.342900476309764144e+03
1.007999999999996099e+01,-1.346183834799436681e+03
1.011999999999996014e+01,-1.349453333316700082e+03
1.015999999999995929e+01,-1.352708773881191973e+03
1.019999999999995843e+01,-1.355951390089483539e+03
1.023999999999995758e+01,-1.359183711704084544e+03
1.027999999999995673e+01,-1.362409301751503108e+03
1.031999999999995588e+01,-1.365632394741194958e+03
1.035999999999995502e+01,-1.368857472139349511e+03
1.039999999999995417e+01,-1.372088815398092493e+03
1.043999999999995332e+01,-1.375330078083419949e+03
1.047999999999995246e+01,-1.378583917234841692e+03
1.051999999999995161e+01,-1.381851719963122378e+03
1.055999999999995076e+01,-1.385133454134597741e+03
1.059999999999994991e+01,-1.388427661530912701e+03
1.063999999999994905e+01,-1.391731598299268171e+03
1.067999999999994820e+01,-1.395041511794927601e+03
1.071999999999994735e+01,-1.398353026914955990e+03
1.075999999999994650e+01,-1.401661601192747639e+03
1.079999999999994564e+01,-1.404962998759491938e+03
1.083999999999994479e+01,-1.408253730603169743e+03
1.087999999999994394e+01,-1.411531412951601396e+03
1.091999999999994309e+01,-1.414795006228455350e+03
1.095999999999994223e+01,-1.418044911864647247e+03
1.099999999999994138e+01,-1.421282920710665621e+03
1.103999999999994053e+01,-1.424512022441708950e+03
1.107999999999993967e+01,-1.427736098410248132e+03
1.111999999999993882e+01,-1.430959530015497876e+03
1.115999999999993797e+01,-1.434186760747009203e+03
1.119999999999993712e+01,-1.437421852978165361e+03
1.123999999999993626e+01,-1.440668080726944027e+03
1.127999999999993541e+01,-1.443927597099669356e+03
1.131999999999993456e+01,-1.447201209796604644e+03
1.135999999999993371e+01,-1.450488289546996839e+03
1.139999999999993285e+01,-1.453786824534167181e+03
1.143999999999993200e+01,-1.457093619258395847e+03
1.147999999999993115e+01,-1.460404620215491832e+03
1.151999999999993030e+01,-1.463715335396745104e+03
1.155999999999992944e+01,-1.467021302488083847e+03
1.159999999999992859e+01,-1.470318554047889165e+03
1.163999999999992774e+01,-1.473604028222586066e+03
1.167999999999992689e+01,-1.476875880698564970e+03
1.171999999999992603e+01,-1.480133666206575981e+03
1.175999999999992518e+01,-1.483378373667760115e+03
1.179999999999992433e+01,-1.486612315404530364e+03
1.183999999999992347e+01,-1.489838885536008092e+03
1.187999999999992262e+01,-1.493062214341881599e+03
1.191999999999992177e+01,-1.496286753504209400e+03
1.195999999999992092e+01,-1.499516831866871144e+03
1.199999999999992006e+01,-1.502756223098008604e+03
1.203999999999991921e+01,-1.506007765703113364e+03
1.207999999999991836e+01,-1.509273072202699723e+03
1.211999999999991751e+01,-1.512552357675948770e+03
1.215999999999991665e+01,-1.515844407984519876e+03
1.219999999999991580e+01,-1.519146694926127338e+03
1.223999999999991495e+01,-1.522455630162639864e+03
1.227999999999991410e+01,-1.525766933730895516e+03
1.231999999999991324e+01,-1.529076078655860783e+03
1.235999999999991239e+01,-1.532378763157200865e+03
1.239999999999991154e+01,-1.535671358128236534e+03
1.243999999999991068e+01,-1.538951280773047074e+03
1.247999999999990983e+01,-1.542217254901021988e+03
1.251999999999990898e+01,-1.545469432564453427e+03
1.255999999999990813e+01,-1.548709367973774079e+03
1.259999999999990727e+01,-1.551939850453564532e+03
1.263999999999990642e+01,-1.555164616721225457e+03
1.267999999999990557e+01,-1.558387972970665260e+03
1.271999999999990472e+01,-1.561614363922755729e+03
1.275999999999990386e+01,-1.564847929461606554e+03
1.279999999999990301e+01,-1.568092090102714337e+03
1.283999999999990216e+01,-1.571349200515866869e+03
1.287999999999990131e+01,-1.574620305503842928e+03
1.291999999999990045e+01,-1.577905024892778101e+03
1.295999999999989960e+01,-1.581201582545222891e+03
1.299999999999989875e+01,-1.584506980538726111e+03
1.303999999999989790e+01,-1.587817303667521401e+03
1.307999999999989704e+01,-1.591128123848142195e+03
1.311999999999989619e+01,-1.594434961248567333e+03
1.315999999999989534e+01,-1.597733751365066837e+03
1.319999999999989448e+01,-1.601021266364889698e+03
1.323999999999989363e+01,-1.604295445012620576e+03
1.327999999999989278e+01,-1.607555597239033659e+03
1.331999999999989193e+01,-1.610802464710578079e+03
1.335999999999989107e+01,-1.614038135047653668e+03
1.339999999999989022e+01,-1.617265822343705395e+03
1.343999999999988937e+01,-1.620489538823966996e+03
1.347999999999988852e+01,-1.623713691204872021e+03
1.351999999999988766e+01,-1.626942640618270389e+03
1.355999999999988681e+01,-1.630180267224251793e+03
1.359999999999988596e+01,-1.633429580176654781e+03
1.363999999999988511e+01,-1.636692410464082286e+03
1.367999999999988425e+01,-1.639969218076114885e+03
1.371999999999988340e+01,-1.643259035633795065e+03
1.375999999999988255e+01,-1.646559558090135170e+03
1.379999999999988169e+01,-1.649867373056843007e+03
1.383999999999988084e+01,-1.653178310313199518e+03
1.387999999999987999e+01,-1.656487874383767121e+03
1.391999999999987914e+01,-1.659791713246760992e+03
1.395999999999987828e+01,-1.663086071324804379e+03
1.399999999999987743e+01,-1.666368176923082046e+03
1.403999999999987658e+01,-1.669636522840267162e+03
1.407999999999987573e+01,-1.672891012341793385e+03
1.411999999999987487e+01,-1.676132958637780348e+03
1.415999999999987402e+01,-1.679364941946765384e+03
1.419999999999987317e+01,-1.682590542154392324e+03
1.423999999999987232e+01,-1.685813975840862440e+03
1.427999999999987146e+01,-1.689039673723930946e+03
1.431999999999987061e+01,-1.692271838569348802e+03
1.435999999999986976e+01,-1.695514024744529252e+03
1.439999999999986890e+01,-1.698768779046768941e+03
1.443999999999986805e+01,-1.702037378128655519e+03
1.447999999999986720e+01,-1.705319690459596359e+03
1.451999999999986635e+01,-1.708614180089653928e+03
1.455999999999986549e+01,-1.711918055790705921e+03
1.459999999999986464e+01,-1.715227553504106936e+03
1.463999999999986379e+01,-1.718538324319696812e+03
1.467999999999986294e+01,-1.721845886892476756e+03
1.471999999999986208e+01,-1.725146094669830063e+03
1.475999999999986123e+01,-1.728435566233591544e+03
1.479999999999986038e+01,-1.731712031900272905e+03
1.483999999999985953e+01,-1.734974560529333530e+03
1.487999999999985867e+01,-1.738223645235884078e+03
1.491999999999985782e+01,-1.741461142870167578e+03
1.495999999999985697e+01,-1.744690077374717930e+03
1.499999999999985612e+01,-1.747914329803184501e+03
1.503999999999985526e+01,-1.751138247092010943e+03
1.507999999999985441e+01,-1.754366207557702865e+03
1.511999999999985356e+01,-1.757602183877326979e+03
1.515999999999985270e+01,-1.760849344334789521e+03
1.519999999999985185e+01,-1.764109730465483153e+03
1.523999999999985100e+01,-1.767384043693771901e+03
1.527999999999985015e+01,-1.770671564823855306e+03
1.531999999999984929e+01,-1.773970218259854619e+03
1.535999999999984844e+01,-1.777276778177842743e+03
1.539999999999984759e+01,-1.780587197974158244e+03
1.543999999999984674e+01,-1.783897029342044334e+03
1.547999999999984588e+01,-1.787201885779944632e+03
1.551999999999984503e+01,-1.790497899372638358e+03
1.555999999999984418e+01,-1.793782120512573783e+03
1.559999999999984333e+01,-1.797052817699458046e+03
1.563999999999984247e+01,-1.800309647230212249e+03
1.567999999999984162e+01,-1.803553678167042563e+03
1.571999999999984077e+01,-1.806787273945321203e+03
1.575999999999983991e+01,-1.810013846268645239e+03
1.579999999999983906e+01,-1.813237508240327315e+03
1.583999999999983821e+01,-1.816462661543497234e+03
1.587999999999983736e+01,-1.819693557044361341e+03
1.591999999999983650e+01,-1.822933869822030147e+03
1.595999999999983565e+01,-1.826186328568058116e+03
1.599999999999983480e+01,-1.829452435498171326e+03
1.603999999999983572e+01,-1.832732306093537090e+03
1.607999999999983487e+01,-1.836024647893251313e+03
1.611999999999983402e+01,-1.839326884372236236e+03
1.615999999999983316e+01,-1.842635414583593274e+03
1.619999999999983231e+01,-1.845945983484377393e+03
1.623999999999983146e+01,-1.849254124065792894e+03
1.627999999999983061e+01,-1.852555623001319645e+03
1.631999999999982975e+01,-1.855846958326715367e+03
1.635999999999982890e+01,-1.859125661332895788e+03
1.639999999999982805e+01,-1.862390564675183668e+03
1.643999999999982720e+01,-1.865641912820512516e+03
1.647999999999982634e+01,-1.868881326916434773e+03
1.651999999999982549e+01,-1.872111631592168578e+03
1.655999999999982464e+01,-1.875336564318891533e+03
1.659999999999982379e+01,-1.878560397832801527e+03
1.663999999999982293e+01,-1.881787512586008916e+03
1.667999999999982208e+01,-1.885021959510182796e+03
1.671999999999982123e+01,-1.888267053895550589e+03
1.675999999999982037e+01,-1.891525039028315632e+03
1.679999999999981952e+01,-1.894796853223005428e+03
1.683999999999981867e+01,-1.898082025726251686e+03
1.687999999999981782e+01,-1.901378715545817386e+03
1.691999999999981696e+01,-1.904683893038699807e+03
1.695999999999981611e+01,-1.907993648354637344e+03
1.699999999999981526e+01,-1.911303595634007479e+03
1.703999999999981441e+01,-1.914609329659370360e+03
1.707999999999981355e+01,-1.917906884699329112e+03
1.711999999999981270e+01,-1.921193144937212992e+03
1.715999999999981185e+01,-1.924466162230790587e+03
1.719999999999981100e+01,-1.927725348771501103e+03
1.723999999999981014e+01,-1.930971527331150128e+03
1.727999999999980929e+01,-1.934206837717634471e+03
1.731999999999980844e+01,-1.937434512645937502e+03
1.735999999999980759e+01,-1.940658548040363257e+03
1.739999999999980673e+01,-1.943883301226956291e+03
1.743999999999980588e+01,-1.947113055602836539e+03
1.747999999999980503e+01,-1.950351592512864272e+03
1.751999999999980417e+01,-1.953601810494276833e+03
1.755999999999980332e+01,-1.956865428756812207e+03
1.759999999999980247e+01,-1.960142805498013331e+03
1.763999999999980162e+01,-1.963432892142192713e+03
1.767999999999980076e+01,-1.966733331935391789e+03
1.771999999999979991e+01,-1.970040696318826804e+03
1.775999999999979906e+01,-1.973350836766954217e+03
1.779999999999979821e+01,-1.976659315592352414e+03
1.783999999999979735e+01,-1.979961869025984470e+03
1.787999999999979650e+01,-1.983254851616693259e+03
1.791999999999979565e+01,-1.986535613523087250e+03
1.795999999999979480e+01,-1.989802771111224956e+03
1.799999999999979394e+01,-1.993056344750035123e+03
1.803999999999979309e+01,-1.996297753447079913e+03
1.807999999999979224e+01,-1.999529671594384808e+03
1.811999999999979138e+01,-2.002755766720049905e+03
1.815999999999979053e+01,-2.005980347701759456e+03
1.819999999999978968e+01,-2.009207960102411334e+03
1.823999999999978883e+01,-2.012442969341452908e+03
1.827999999999978797e+01,-2.015689173652505133e+03
1.831999999999978712e+01,-2.018949487359521981e+03
1.835999999999978627e+01,-2.022225730804740806e+03
1.839999999999978542e+01,-2.025518555995640554e+03
1.843999999999978456e+01,-2.028827526559436365e+03
1.847999999999978371e+01,-2.032151357274843349e+03
1.851999999999978286e+01,-2.035488303446385089e+03
1.855999999999978201e+01,-2.038836675631857133e+03
1.859999999999978115e+01,-2.042195443121195922e+03
1.863999999999978030e+01,-2.045564882338184589e+03
1.867999999999977945e+01,-2.048947225425635679e+03
1.871999999999977859e+01,-2.052347269801020047e+03
1.875999999999977774e+01,-2.055772920113734926e+03
1.879999999999977689e+01,-2.059235647305771636e+03
1.883999999999977604e+01,-2.062750862224302637e+03
1.887999999999977518e+01,-2.066338210183780120e+03
1.891999999999977433e+01,-2.070021794925839004e+03
1.895999999999977348e+01,-2.073830332598901805e+03
1.899999999999977263e+01,-2.077797215475825851e+03
1.903999999999977177e+01,-2.081960427385208277e+03
1.907999999999977092e+01,-2.086362194247585649e+03
1.911999999999977007e+01,-2.091048171514988098e+03
1.915999999999976922e+01,-2.096065870843852736e+03
1.919999999999976836e+01,-2.101461933670491817e+03
1.923999999999976751e+01,-2.107277823717861338e+03
1.927999999999976666e+01,-2.113543628968486246e+03
1.931999999999976581e+01,-2.120270056673849467e+03
1.935999999999976495e+01,-2.127439449297109604e+03
1.939999999999976410e+01,-2.134997648803787797e+03
1.943999999999976325e+01,-2.142849399743587583e+03
1.947999999999976239e+01,-2.150860067057810738e+03
1.951999999999976154e+01,-2.158865220572841736e+03
1.955999999999976069e+01,-2.166687224795655311e+03
1.959999999999975984e+01,-2.174155375457011814e+03
1.963999999999975898e+01,-2.181124723962571352e+03
1.967999999999975813e+01,-2.187489301137500206e+03
1.971999999999975728e+01,-2.193187592558751021e+03
1.975999999999975643e+01,-2.198200631337945197e+03
1.979999999999975557e+01,-2.202544847866787677e+03
1.983999999999975472e+01,-2.206262410835978244e+03
1.987999999999975387e+01,-2.209411423634773200e+03
1.991999999999975302e+01,-2.212057504588491156e+03
1.995999999999975216e+01,-2.214267423650855562e+03
1.999999999999975131e+01,-2.216104835522724443e+03
2.003999999999975046e+01,-2.217627795025734031e+03
2.007999999999974960e+01,-2.218887612203942354e+03
2.011999999999974875e+01,-2.219928616563777723e+03
2.015999999999974790e+01,-2.220788477439510643e+03
2.019999999999974705e+01,-2.221498821505999331e+03
2.023999999999974619e+01,-2.222085973388450384e+03
2.027999999999974534e+01,-2.222571711691474320e+03
2.031999999999974449e+01,-2.222973979968169715e+03
2.035999999999974364e+01,-2.223307523338035026e+03
2.039999999999974278e+01,-2.223584440727637229e+03
2.043999999999974193e+01,-2.223814653754344363e+03
2.047999999999974108e+01,-2.224006298984517798e+03
2.051999999999974023e+01,-2.224166052732446133e+03
2.055999999999973937e+01,-2.224299398105440559e+03
2.059999999999973852e+01,-2.224410843524189659e+03
2.063999999999973767e+01,-2.224504100995025055e+03
2.067999999999973681e+01,-2.224582231294019948e+03
2.071999999999973596e+01,-2.224647762112804230e+03
2.075999999999973511e+01,-2.224702784197288565e+03
2.079999999999973426e+01,-2.224749029618375971e+03
2.083999999999973340e+01,-2.224787935553821626e+03
2.087999999999973255e+01,-2.224820696327023597e+03
2.091999999999973170e+01,-2.224848305925677778e+03
2.095999999999973085e+01,-2.224871592797549511e+03
2.099999999999972999e+01,-2.224891248374147381e+03
2.103999999999972914e+01,-2.224907850493920250e+03
2.107999999999972829e+01,-2.224921882671315416e+03
2.111999999999972744e+01,-2.224933749976637955e+03
2.115999999999972658e+01,-2.224943792145947555e+03
2.119999999999972573e+01,-2.224952294422887917e+03
2.123999999999972488e+01,-2.224959496539925112e+03
2.127999999999972403e+01,-2.224965600170563448e+03
2.131999999999972317e+01,-2.224970775122401847e+03
2.135999999999972232e+01,-2.224975164491725536e+03
2.139999999999972147e+01,-2.224978888959846245e+03
2.143999999999972061e+01,-2.224982050379170687e+03
2.147999999999971976e+01,-2.224984734770125669e+03
2.151999999999971891e+01,-2.224987014828962401e+03
2.155999999999971806e+01,-2.224988952028815675e+03
2.159999999999971720e+01,-2.224990598381783457e+03
2.163999999999971635e+01,-2.224991997918344623e+03
2.167999999999971550e+01,-2.224993187930744625e+03
2.171999999999971465e+01,-2.224994200018782522e+03
2.175999999999971379e+01,-2.224995060970416034e+03
2.179999999999971294e+01,-2.224995793503759614e+03
2.183999999999971209e+01,-2.224996416892763136e+03
2.187999999999971124e+01,-2.224996947495168570e+03
2.191999999999971038e+01,-2.224997399198447965e+03
2.195999999999970953e+01,-2.224997783796548902e+03
2.199999999999970868e+01,-2.224998111308447278e+03
2.203999999999970782e+01,-2.224998390247663792e+03
2.207999999999970697e+01,-2.224998627850342473e+03
2.211999999999970612e+01,-2.224998830268385973e+03
2.215999999999970527e+01,-2.224999002733176440e+03
